{
    "mean_r": 64.49875009105297,
    "mean_g": 69.80607538523684,
    "mean_b": 88.59257438199866,
    "std_r": 71.26187135755369,
    "std_g": 73.52016139492483,
    "std_b": 79.56519378058654
}