{
    "mean_r": 148.9872294071293,
    "mean_g": 124.36784240883115,
    "mean_b": 149.91330101780665,
    "std_r": 80.90254733365398,
    "std_g": 60.46453085361792,
    "std_b": 63.92652310444802
}