{
    "mean_r": 121.8033437961473,
    "mean_g": 184.87349431498367,
    "mean_b": 201.4826121938137,
    "std_r": 79.01221815838468,
    "std_g": 52.34701998524281,
    "std_b": 58.683478999861315
}