{
    "mean_r": 172.67422571865626,
    "mean_g": 178.43719331704312,
    "mean_b": 97.04238764063545,
    "std_r": 53.67161679170606,
    "std_g": 52.788583395984645,
    "std_b": 52.82994442015855
}