{
    "mean_r": 182.95087775062743,
    "mean_g": 184.2840985093801,
    "mean_b": 175.2845339081259,
    "std_r": 76.18731276320403,
    "std_g": 61.836931127410104,
    "std_b": 66.80912104734274
}