{
    "mean_r": 124.12951705504896,
    "mean_g": 110.0287313506963,
    "mean_b": 114.35810305209554,
    "std_r": 75.69016312302763,
    "std_g": 72.62945536031482,
    "std_b": 71.36085393365686
}