{
    "mean_r": 135.12142658481832,
    "mean_g": 168.32423300289383,
    "mean_b": 181.37353073617155,
    "std_r": 67.09618759209884,
    "std_g": 56.404293377478886,
    "std_b": 67.9038180657725
}