{
    "mean_r": 169.5907731887081,
    "mean_g": 166.14216017376216,
    "mean_b": 161.2289932521472,
    "std_r": 63.52971326957237,
    "std_g": 62.181242849758306,
    "std_b": 62.2853037872927
}