{
    "mean_r": 181.7935332525445,
    "mean_g": 157.9278082391349,
    "mean_b": 100.66438868691685,
    "std_r": 70.92738777097101,
    "std_g": 47.06214163291328,
    "std_b": 58.06608997221698
}