{
    "mean_r": 113.04926958963254,
    "mean_g": 97.42864923747277,
    "mean_b": 100.88448358066631,
    "std_r": 67.2143875848564,
    "std_g": 63.31518435338812,
    "std_b": 63.815613132208156
}