{
    "mean_r": 186.5966651435988,
    "mean_g": 205.27792677354628,
    "mean_b": 197.58304693035606,
    "std_r": 62.131219264769285,
    "std_g": 41.48586171592089,
    "std_b": 48.896388213808564
}