{
    "mean_r": 114.71351590281503,
    "mean_g": 174.32813669202906,
    "mean_b": 199.22830456059492,
    "std_r": 62.42272856336201,
    "std_g": 49.80074719380107,
    "std_b": 51.46382392246882
}