{
    "mean_r": 197.99328194634828,
    "mean_g": 194.93759229460105,
    "mean_b": 187.50089563011966,
    "std_r": 50.272320061334234,
    "std_g": 50.874645162337295,
    "std_b": 56.57721450286547
}