{
    "mean_r": 196.32855056916384,
    "mean_g": 185.83822370555788,
    "mean_b": 181.3264828389985,
    "std_r": 54.61323185488143,
    "std_g": 58.99774761265987,
    "std_b": 57.583889604056374
}