{
    "mean_r": 171.17225731900325,
    "mean_g": 186.43777771155743,
    "mean_b": 109.94223599605327,
    "std_r": 49.33466923432643,
    "std_g": 46.40558686466747,
    "std_b": 53.32899788467432
}