{
    "mean_r": 122.46236035785472,
    "mean_g": 142.58625033937926,
    "mean_b": 144.97461443206123,
    "std_r": 75.07417194874908,
    "std_g": 66.50740867817177,
    "std_b": 64.78615740956467
}