{
    "mean_r": 160.32806384965335,
    "mean_g": 168.5830601744244,
    "mean_b": 105.1236813874486,
    "std_r": 60.23441014712389,
    "std_g": 64.7326479576373,
    "std_b": 56.24285257779874
}