{
    "mean_r": 190.56753315983605,
    "mean_g": 91.62533855149624,
    "mean_b": 148.76966744144465,
    "std_r": 66.32616892178692,
    "std_g": 83.92374713311207,
    "std_b": 49.24984207677995
}