{
    "mean_r": 167.2072547695201,
    "mean_g": 169.15870863711916,
    "mean_b": 168.99620722993689,
    "std_r": 50.27919396245619,
    "std_g": 53.06490398624171,
    "std_b": 52.20372364110584
}