{
    "mean_r": 188.9144880174292,
    "mean_g": 175.85285012350093,
    "mean_b": 128.25651608160996,
    "std_r": 48.36155208812375,
    "std_g": 43.83514327509,
    "std_b": 60.139456660155034
}