{
    "mean_r": 183.0432402275331,
    "mean_g": 142.916722953957,
    "mean_b": 98.38180331234149,
    "std_r": 66.08467217555206,
    "std_g": 67.7770544676183,
    "std_b": 72.68967815604243
}