{
    "mean_r": 180.8275705081087,
    "mean_g": 130.6005125454437,
    "mean_b": 103.8546264841634,
    "std_r": 77.0230702221978,
    "std_g": 64.97169182821189,
    "std_b": 60.69091282664324
}