{
    "mean_r": 55.16871784174663,
    "mean_g": 100.4274870704783,
    "mean_b": 106.23354424512122,
    "std_r": 74.2538613894341,
    "std_g": 56.69867563169731,
    "std_b": 60.842174245136
}