{
    "mean_r": 138.95326830495793,
    "mean_g": 144.8755057578587,
    "mean_b": 156.3814225453775,
    "std_r": 80.77781691759184,
    "std_g": 70.54097147692644,
    "std_b": 67.51803643771825
}