{
    "mean_r": 117.06571210044301,
    "mean_g": 120.85550390368914,
    "mean_b": 149.63222050049333,
    "std_r": 73.62759670228479,
    "std_g": 65.44708789927506,
    "std_b": 65.58630662064854
}