{
    "mean_r": 203.2922667885121,
    "mean_g": 193.3923141360563,
    "mean_b": 183.49186648654734,
    "std_r": 44.980916266011604,
    "std_g": 52.36355269197129,
    "std_b": 57.975488285348824
}