{
    "mean_r": 161.91060419439643,
    "mean_g": 180.7662272947004,
    "mean_b": 122.8130831528829,
    "std_r": 55.26196476462571,
    "std_g": 52.166851160703885,
    "std_b": 58.006678421720885
}