{
    "mean_r": 175.06242426048433,
    "mean_g": 176.76340961916682,
    "mean_b": 174.5280492811782,
    "std_r": 73.54076495372009,
    "std_g": 64.21465485740715,
    "std_b": 62.423673424536844
}