{
    "mean_r": 171.42312480547776,
    "mean_g": 160.98797273046335,
    "mean_b": 177.49934938514411,
    "std_r": 54.69247044781785,
    "std_g": 59.04484224058285,
    "std_b": 46.19821279349802
}