{
    "mean_r": 133.3875694485832,
    "mean_g": 123.91504261278979,
    "mean_b": 96.41916482905219,
    "std_r": 81.62925924431029,
    "std_g": 64.97478268313618,
    "std_b": 57.53834032600639
}