{
    "mean_r": 207.01337154247042,
    "mean_g": 165.65705809510567,
    "mean_b": 62.01200078140003,
    "std_r": 50.79080234227779,
    "std_g": 58.45796472194844,
    "std_b": 66.02231917863763
}