{
    "mean_r": 129.7385173927727,
    "mean_g": 184.97578322108984,
    "mean_b": 203.6356589917291,
    "std_r": 71.34336186093266,
    "std_g": 51.154532357711794,
    "std_b": 54.643548060999485
}