{
    "mean_r": 175.69723563184138,
    "mean_g": 182.17871711332288,
    "mean_b": 186.5073521134222,
    "std_r": 71.04233175109417,
    "std_g": 64.0322829134788,
    "std_b": 62.09873564678051
}