{
    "mean_r": 95.48736184781241,
    "mean_g": 170.21456218421176,
    "mean_b": 199.77477302977928,
    "std_r": 74.22879508903621,
    "std_g": 47.55275709133614,
    "std_b": 36.39624392366198
}