{
    "mean_r": 170.33978153909317,
    "mean_g": 180.08733469747236,
    "mean_b": 184.4550545986716,
    "std_r": 77.70696047796284,
    "std_g": 60.50181229972661,
    "std_b": 58.867363014088205
}