{
    "mean_r": 157.51320930263358,
    "mean_g": 160.49569402228977,
    "mean_b": 153.4674427690698,
    "std_r": 59.830934364867716,
    "std_g": 59.79149417897543,
    "std_b": 61.89545574159197
}