{
    "mean_r": 174.75837852871646,
    "mean_g": 141.53205230082577,
    "mean_b": 157.36712722914226,
    "std_r": 68.6353548819218,
    "std_g": 58.4470455963221,
    "std_b": 64.37276118391854
}