{
    "mean_r": 105.67309831734111,
    "mean_g": 115.09660223427433,
    "mean_b": 129.0052446510519,
    "std_r": 87.24623791351559,
    "std_g": 53.012387051893434,
    "std_b": 52.60397750702786
}