{
    "mean_r": 84.40243094873884,
    "mean_g": 110.28363165597209,
    "mean_b": 116.18377469190986,
    "std_r": 86.31711490204557,
    "std_g": 61.54896734689648,
    "std_b": 55.80810913859893
}