{
    "mean_r": 112.66374469409513,
    "mean_g": 171.755671772255,
    "mean_b": 197.49530332227454,
    "std_r": 67.6597349890781,
    "std_g": 50.794973680503126,
    "std_b": 56.546956680127224
}