{
    "mean_r": 191.0212567296422,
    "mean_g": 134.3511250836032,
    "mean_b": 108.25565356166108,
    "std_r": 63.39389717829823,
    "std_g": 55.29686089855317,
    "std_b": 55.75615618743484
}