{
    "mean_r": 97.46585348087225,
    "mean_g": 111.91117700035097,
    "mean_b": 135.54278992921044,
    "std_r": 84.61491043109902,
    "std_g": 50.468918840964655,
    "std_b": 51.16701435479091
}