{
    "mean_r": 180.5012316983531,
    "mean_g": 89.03395448013721,
    "mean_b": 167.89277271192165,
    "std_r": 72.99242216372292,
    "std_g": 83.82448058753415,
    "std_b": 46.83584523025865
}