{
    "mean_r": 142.03693936203322,
    "mean_g": 95.40050228129077,
    "mean_b": 123.39599102052168,
    "std_r": 72.89637324165213,
    "std_g": 59.16195085484025,
    "std_b": 52.73959019878553
}