{
    "mean_r": 178.85609823125466,
    "mean_g": 180.7627573488024,
    "mean_b": 186.4989719291972,
    "std_r": 69.97440478448151,
    "std_g": 64.62057851065967,
    "std_b": 58.58704848203933
}