{
    "mean_r": 109.80317990080192,
    "mean_g": 118.25515359808226,
    "mean_b": 129.48538517061672,
    "std_r": 79.56134113720034,
    "std_g": 68.681404656684,
    "std_b": 65.7238759114628
}