{
    "mean_r": 82.40410797888896,
    "mean_g": 109.8692926343114,
    "mean_b": 108.55530060724053,
    "std_r": 86.66726095367108,
    "std_g": 61.42968872270777,
    "std_b": 60.56559512993004
}