{
    "mean_r": 178.78146956182,
    "mean_g": 151.7564382727086,
    "mean_b": 111.42404857924257,
    "std_r": 74.0376295550646,
    "std_g": 58.34144910341899,
    "std_b": 66.16473994571277
}