{
    "mean_r": 184.77584579931263,
    "mean_g": 150.09930733522722,
    "mean_b": 169.07795789710684,
    "std_r": 54.12707057041008,
    "std_g": 47.39701792161257,
    "std_b": 47.28321464867172
}