{
    "mean_r": 148.39145658263305,
    "mean_g": 119.04383124408156,
    "mean_b": 104.10121282555575,
    "std_r": 92.55742539794929,
    "std_g": 73.69609549274325,
    "std_b": 71.00182580602356
}