{
    "mean_r": 130.82648118348993,
    "mean_g": 174.77673480739813,
    "mean_b": 198.81472707286224,
    "std_r": 59.28790912186935,
    "std_g": 53.23977610965922,
    "std_b": 54.76083003376004
}