{
    "mean_r": 125.08497725331267,
    "mean_g": 138.3248372635106,
    "mean_b": 115.80472780128599,
    "std_r": 70.88768748687627,
    "std_g": 63.1014516739571,
    "std_b": 68.4923375523369
}