{
    "mean_r": 171.99944871565648,
    "mean_g": 124.12360854507287,
    "mean_b": 140.7911410427055,
    "std_r": 75.30232318194595,
    "std_g": 58.342503852173216,
    "std_b": 58.0102641060701
}