{
    "mean_r": 178.79965035659654,
    "mean_g": 169.4596800895299,
    "mean_b": 169.10376396421452,
    "std_r": 69.82040879533703,
    "std_g": 73.75018187287955,
    "std_b": 73.8306371141324
}