{
    "mean_r": 178.06940222897668,
    "mean_g": 191.26170444537152,
    "mean_b": 119.76928336346359,
    "std_r": 52.22478544426458,
    "std_g": 47.94353275032144,
    "std_b": 62.126097561797344
}