{
    "mean_r": 63.860801531014296,
    "mean_g": 122.3814357894458,
    "mean_b": 133.71135711968003,
    "std_r": 77.56194988488807,
    "std_g": 64.84261132242011,
    "std_b": 66.15916859259299
}