{
    "mean_r": 98.2723692313805,
    "mean_g": 100.6965634953745,
    "mean_b": 122.87349100396659,
    "std_r": 88.2727814646663,
    "std_g": 58.405968905762265,
    "std_b": 55.7012037527674
}