{
    "mean_r": 85.29545860897551,
    "mean_g": 118.4769917423234,
    "mean_b": 141.1771344471595,
    "std_r": 79.49632319191996,
    "std_g": 54.36214807444664,
    "std_b": 52.54843494676562
}