{
    "mean_r": 165.18615200217204,
    "mean_g": 171.6629086622829,
    "mean_b": 176.99840740078537,
    "std_r": 80.9679691246202,
    "std_g": 71.57465781245081,
    "std_b": 66.80253810794551
}