{
    "mean_r": 188.6175609723795,
    "mean_g": 170.856470720676,
    "mean_b": 130.42501705173794,
    "std_r": 61.64904187833697,
    "std_g": 58.08246485535156,
    "std_b": 58.80338048276204
}