{
    "mean_r": 154.4876995715544,
    "mean_g": 162.56665242929324,
    "mean_b": 100.96467310328387,
    "std_r": 66.67872928604538,
    "std_g": 71.5209352803875,
    "std_b": 58.382229076263094
}