{
    "mean_r": 76.27953261682924,
    "mean_g": 102.5609243697479,
    "mean_b": 116.18644502718345,
    "std_r": 80.44567687674841,
    "std_g": 59.72909845355129,
    "std_b": 58.16206025769813
}