{
    "mean_r": 103.187675070028,
    "mean_g": 75.95266404434113,
    "mean_b": 77.33813927462238,
    "std_r": 84.93085880351533,
    "std_g": 70.57258395387072,
    "std_b": 66.93159417934378
}