{
    "mean_r": 190.7617325890167,
    "mean_g": 166.98137883995204,
    "mean_b": 119.57820291237063,
    "std_r": 69.30174602634061,
    "std_g": 48.22654505512973,
    "std_b": 70.71784583083077
}