{
    "mean_r": 189.1674513777142,
    "mean_g": 167.86105813483786,
    "mean_b": 191.19475899106686,
    "std_r": 52.59611490653003,
    "std_g": 69.3602988788548,
    "std_b": 46.619289260359515
}