{
    "mean_r": 171.9734025998106,
    "mean_g": 164.03003754693367,
    "mean_b": 115.8346693287244,
    "std_r": 61.492902973009606,
    "std_g": 53.52528332660442,
    "std_b": 63.19997471371038
}