{
    "mean_r": 92.5861675639523,
    "mean_g": 103.15729152180967,
    "mean_b": 120.84651118130468,
    "std_r": 82.21928239001289,
    "std_g": 54.61105206209996,
    "std_b": 49.58962185292868
}