{
    "mean_r": 163.87536338412434,
    "mean_g": 160.30768122851978,
    "mean_b": 126.32399957618982,
    "std_r": 58.269432682560414,
    "std_g": 50.49295311521067,
    "std_b": 61.91438554278439
}