{
    "mean_r": 210.19602876611637,
    "mean_g": 176.70015098237877,
    "mean_b": 91.7953228572753,
    "std_r": 49.69027368964184,
    "std_g": 54.230154894361526,
    "std_b": 69.47178056974293
}