{
    "mean_r": 75.5091682062896,
    "mean_g": 112.17787942600208,
    "mean_b": 117.63350186410261,
    "std_r": 79.25312726685088,
    "std_g": 59.444373136089645,
    "std_b": 60.50013074777534
}