{
    "mean_r": 76.59616683552854,
    "mean_g": 116.48275456754806,
    "mean_b": 119.49350378449252,
    "std_r": 89.03066393192736,
    "std_g": 63.366770885177694,
    "std_b": 61.26996405463499
}