{
    "mean_r": 111.60380204091092,
    "mean_g": 146.97705134063082,
    "mean_b": 176.91832879723992,
    "std_r": 52.931103126626226,
    "std_g": 53.049563396085716,
    "std_b": 52.11206887795367
}