{
    "mean_r": 162.88888723338036,
    "mean_g": 131.09341538033652,
    "mean_b": 142.41394169961129,
    "std_r": 75.54016805138028,
    "std_g": 63.501610735410864,
    "std_b": 73.90328242857636
}