{
    "mean_r": 177.21733847203183,
    "mean_g": 159.2747018429121,
    "mean_b": 113.5469651217461,
    "std_r": 50.75722922331765,
    "std_g": 47.27833996365456,
    "std_b": 53.18069631913351
}