{
    "mean_r": 157.45257795789712,
    "mean_g": 128.37716788843196,
    "mean_b": 152.87781188125368,
    "std_r": 72.68164672228717,
    "std_g": 63.7425165141572,
    "std_b": 65.5823049315052
}