{
    "mean_r": 82.70027017899358,
    "mean_g": 94.81576838773334,
    "mean_b": 107.78362668944646,
    "std_r": 65.77849452133432,
    "std_g": 68.73204603405267,
    "std_b": 70.98767242386779
}