{
    "mean_r": 96.62502566038236,
    "mean_g": 72.60885961949792,
    "mean_b": 102.62462337180735,
    "std_r": 79.66210064611774,
    "std_g": 67.54596956459787,
    "std_b": 67.8089440719176
}