{
    "mean_r": 85.54898649767236,
    "mean_g": 102.03988451172431,
    "mean_b": 106.88844190158333,
    "std_r": 86.83972503074318,
    "std_g": 60.624746347088696,
    "std_b": 60.08679938324176
}