{
    "mean_r": 111.2958261318712,
    "mean_g": 138.26911781260966,
    "mean_b": 113.56445556946183,
    "std_r": 83.07848703347571,
    "std_g": 58.545795832389096,
    "std_b": 60.78888708213441
}