{
    "mean_r": 168.69504704955267,
    "mean_g": 169.22828800550954,
    "mean_b": 139.24612445450992,
    "std_r": 56.344699728314446,
    "std_g": 48.341886337925644,
    "std_b": 65.58477341971708
}