{
    "mean_r": 157.30122971174285,
    "mean_g": 137.35890597373702,
    "mean_b": 153.58135003410348,
    "std_r": 63.93111246557041,
    "std_g": 64.45678199670405,
    "std_b": 55.793821160305484
}