{
    "mean_r": 162.23245326499395,
    "mean_g": 177.42122759269193,
    "mean_b": 186.54723000311236,
    "std_r": 81.77096943477595,
    "std_g": 70.53623692941088,
    "std_b": 66.05961825627114
}