{
    "mean_r": 150.44967254041097,
    "mean_g": 154.82523293005144,
    "mean_b": 154.31314937322446,
    "std_r": 66.21510891353705,
    "std_g": 60.78278175989666,
    "std_b": 61.60239575483313
}