{
    "mean_r": 90.73789657707054,
    "mean_g": 94.97666229612412,
    "mean_b": 90.79625987510843,
    "std_r": 77.86655445096511,
    "std_g": 75.67278082539448,
    "std_b": 60.44060580231252
}