{
    "mean_r": 75.06417744402725,
    "mean_g": 115.79845673493983,
    "mean_b": 130.96318811212427,
    "std_r": 80.60935649245212,
    "std_g": 59.62682433882016,
    "std_b": 58.93438727245908
}