{
    "mean_r": 153.0060988934581,
    "mean_g": 100.87814629397859,
    "mean_b": 96.52928263503983,
    "std_r": 70.65331837829233,
    "std_g": 63.01650375717935,
    "std_b": 61.563939569722244
}