{
    "mean_r": 109.40044102747483,
    "mean_g": 99.13379985563965,
    "mean_b": 129.08726185509664,
    "std_r": 64.5301038354361,
    "std_g": 66.02294553821108,
    "std_b": 60.893100063731026
}