{
    "mean_r": 83.47881445722497,
    "mean_g": 99.52066405758521,
    "mean_b": 81.05616974922357,
    "std_r": 64.00784784361889,
    "std_g": 60.23597598137796,
    "std_b": 62.96452887963063
}