{
    "mean_r": 81.3179586255306,
    "mean_g": 128.51306527339068,
    "mean_b": 142.14245485428214,
    "std_r": 83.76420033933302,
    "std_g": 59.717265038937605,
    "std_b": 61.75809639596929
}