{
    "mean_r": 182.22986239413024,
    "mean_g": 179.46929859414215,
    "mean_b": 168.54760414804218,
    "std_r": 66.61250008713468,
    "std_g": 67.21664802623957,
    "std_b": 68.64180381443643
}