{
    "mean_r": 176.2667901676037,
    "mean_g": 140.7330310374741,
    "mean_b": 167.19139334220685,
    "std_r": 55.78571437846272,
    "std_g": 50.66857667341265,
    "std_b": 49.76412971827923
}