{
    "mean_r": 188.27105972412605,
    "mean_g": 197.12116335896062,
    "mean_b": 202.1359900934369,
    "std_r": 46.25414911067177,
    "std_g": 42.93336462967449,
    "std_b": 38.930899178973895
}