{
    "mean_r": 91.3249978478389,
    "mean_g": 93.49058346742953,
    "mean_b": 91.16229612412342,
    "std_r": 69.73705864389507,
    "std_g": 69.69648944343704,
    "std_b": 70.71820962928253
}