{
    "mean_r": 83.26144121951381,
    "mean_g": 119.76265305176445,
    "mean_b": 154.50020362755032,
    "std_r": 60.05263996900528,
    "std_g": 60.54448187059477,
    "std_b": 65.46354480736713
}