{
    "mean_r": 171.76358344756343,
    "mean_g": 100.5296286363245,
    "mean_b": 163.55222798339193,
    "std_r": 74.54879686969092,
    "std_g": 85.49508744959013,
    "std_b": 48.650719181743604
}