{
    "mean_r": 155.43917496076446,
    "mean_g": 109.07503095800968,
    "mean_b": 114.55372952963691,
    "std_r": 62.78226274482478,
    "std_g": 71.56864153319457,
    "std_b": 73.27160548827236
}