{
    "mean_r": 209.22010317129215,
    "mean_g": 181.00914006264443,
    "mean_b": 172.77383932296323,
    "std_r": 44.44274205154675,
    "std_g": 64.07539972867006,
    "std_b": 69.41447866852361
}