{
    "mean_r": 154.9415423379754,
    "mean_g": 127.73744627874791,
    "mean_b": 144.45247697187622,
    "std_r": 74.3419814088088,
    "std_g": 59.99239588543707,
    "std_b": 70.06275685014054
}