{
    "mean_r": 194.738297210137,
    "mean_g": 149.75002152161102,
    "mean_b": 99.41054956261465,
    "std_r": 61.99224110756973,
    "std_g": 57.796753920459594,
    "std_b": 62.35446082956521
}